city,country_code,Latitude,Longitude,Temperature,Wind_speed,Humidity,Cloudiness
bowen,au,-20.01,148.25,25.0,4.6,78.0,44.0
zaraza,ve,9.35,-65.33,28.19,5.26,62.0,8.0
muscat,om,23.6,58.55,25.0,2.6,41.0,0.0
mayo,ca,63.59,-135.9,7.0,1.0,36.0,90.0
richards bay,za,-28.77,32.06,18.41,1.61,96.0,20.0
binzhou,cn,37.38,117.96,11.94,8.51,100.0,92.0
capela,br,-9.42,-36.08,24.0,4.6,94.0,75.0
bulawayo,zw,-20.16,28.59,13.36,1.71,93.0,0.0
jalu,ly,29.03,21.55,21.24,6.31,34.0,0.0
bikaner,in,28.02,73.32,15.34,2.41,45.0,0.0
tutoia,br,-2.76,-42.27,24.74,2.26,99.0,64.0
cambara,br,-23.05,-50.07,20.31,5.26,51.0,0.0
belyy yar,ru,53.6,91.39,0.0,2.0,73.0,0.0
bac giang,vn,21.27,106.2,25.0,3.6,94.0,75.0
pouembout,nc,-21.12,164.9,26.41,3.56,63.0,56.0
iznoski,ru,54.99,35.31,6.11,10.86,63.0,44.0
jumla,np,29.28,82.18,-1.64,1.06,90.0,0.0
shelopugino,ru,51.65,117.56,8.51,1.96,37.0,0.0
izhma,ru,65.01,53.91,-14.54,1.11,73.0,8.0
opunake,nz,-39.45,173.86,16.19,4.56,91.0,0.0
south lake tahoe,us,38.93,-119.98,25.0,2.6,16.0,1.0
kinchil,mx,20.92,-89.95,32.0,4.1,70.0,75.0
pilikwe,bw,-22.8,27.19,13.91,1.21,77.0,0.0
gariaband,in,20.63,82.06,21.24,1.91,69.0,0.0
gazanjyk,tm,39.24,55.52,12.66,4.11,79.0,80.0
san juan,ar,-31.54,-68.53,23.19,3.41,61.0,0.0
baisha,cn,19.23,109.45,22.51,1.26,92.0,8.0
bealanana,mg,-14.54,48.75,16.06,1.01,97.0,8.0
mahibadhoo,mv,3.78,72.97,28.84,3.06,100.0,88.0
cham,de,49.22,12.67,12.0,2.16,87.0,20.0
palana,ru,59.08,159.95,2.51,2.56,69.0,24.0
hanyang,cn,32.14,105.51,16.36,1.31,80.0,56.0
morgan city,us,29.7,-91.21,23.0,3.6,78.0,5.0
montego bay,jm,18.47,-77.92,28.0,5.7,78.0,40.0
copalillo,mx,18.03,-99.04,32.36,1.01,23.0,12.0
brokopondo,sr,5.06,-54.98,26.0,2.1,88.0,40.0
sanary-sur-mer,fr,43.12,5.8,15.0,1.0,82.0,0.0
sedona,us,34.87,-111.79,24.0,2.1,13.0,1.0
pasni,pk,25.26,63.48,24.44,4.21,97.0,0.0
bemidji,us,47.48,-94.89,15.0,3.1,33.0,1.0
inirida,co,3.87,-67.92,23.34,0.91,97.0,20.0
ilulissat,gl,69.22,-51.1,-4.0,1.21,85.0,92.0
el rosario,sv,13.58,-88.08,38.0,2.1,31.0,20.0
beloye,ua,48.5,39.05,14.19,8.06,48.0,32.0
sagar,in,23.84,78.75,19.96,2.51,30.0,0.0
bima,id,-8.45,118.73,27.09,1.71,89.0,32.0
chinsali,zm,-10.55,32.07,19.59,3.36,56.0,44.0
rocha,uy,-34.48,-54.34,19.19,0.76,94.0,48.0
bogande,bf,12.97,-0.14,23.46,1.16,49.0,8.0
noyabrsk,ru,63.2,75.45,-21.32,1.51,58.0,0.0
camopi,gf,3.17,-52.33,24.66,1.21,90.0,24.0
pingyin,cn,36.28,116.45,18.71,3.76,97.0,92.0
chimore,bo,-16.98,-65.13,23.51,1.16,90.0,44.0
pilar,ph,14.67,120.55,30.0,3.1,78.0,75.0
maine-soroa,ne,13.21,12.02,22.81,1.11,44.0,0.0
port shepstone,za,-30.74,30.45,20.31,4.36,93.0,0.0
saint augustine,us,40.72,-90.41,15.0,3.1,33.0,1.0
batemans bay,au,-35.71,150.18,17.26,1.56,96.0,36.0
peace river,ca,56.23,-117.29,6.0,5.1,100.0,75.0
pontes e lacerda,br,-15.23,-59.33,25.31,1.71,80.0,36.0
santa cruz,cr,10.26,-85.58,31.0,10.8,55.0,40.0
nkhata bay,mw,-11.61,34.3,19.41,1.61,100.0,100.0
nisia floresta,br,-6.09,-35.21,27.0,2.1,83.0,40.0
santiago del estero,ar,-27.8,-64.26,28.96,4.46,53.0,64.0
kushiro,jp,43.11,144.15,11.0,7.2,50.0,40.0
xichang,cn,27.88,102.25,11.56,0.81,66.0,0.0
varvoru,ro,44.23,23.63,12.0,3.1,66.0,0.0
vintileasca,ro,45.61,26.71,11.81,2.96,55.0,0.0
fornosovo,ru,59.57,30.55,3.0,2.0,83.0,75.0
ozernovskiy,ru,51.5,156.52,-0.79,4.71,96.0,88.0
ilkal,in,15.96,76.12,21.96,1.21,56.0,20.0
wonthaggi,au,-38.6,145.59,16.94,1.31,81.0,0.0
constitucion,cl,-35.33,-72.42,12.66,3.21,100.0,44.0
grenaa,dk,56.42,10.88,5.0,3.6,93.0,0.0
manakara,mg,-22.14,48.01,23.24,1.86,100.0,0.0
manta,ec,-0.95,-80.73,24.34,3.31,95.0,0.0
aitape,pg,-3.15,142.36,28.56,2.01,94.0,24.0
faanui,pf,-16.48,-151.75,27.76,3.76,100.0,48.0
langham,ca,52.36,-106.96,15.0,3.1,47.0,90.0
dalby,au,-27.18,151.26,19.0,2.6,72.0,0.0
valparaiso,cl,-33.04,-71.63,13.0,1.5,93.0,0.0
wellington,au,-32.55,148.95,21.0,5.7,56.0,44.0
la ronge,ca,55.1,-105.3,9.0,2.6,57.0,90.0
san blas,mx,21.54,-105.29,27.0,4.1,54.0,40.0
vallenar,cl,-28.58,-70.76,14.96,0.51,91.0,0.0
sibu,my,2.29,111.83,25.0,1.0,100.0,75.0
itambe,br,-15.24,-40.62,18.69,3.41,82.0,88.0
truro,gb,50.26,-5.05,10.0,1.0,100.0,0.0
benalla,au,-36.55,145.99,19.0,1.5,59.0,0.0
along,in,28.17,94.8,16.16,0.36,97.0,100.0
vostok,ru,46.45,135.83,7.34,1.31,53.0,0.0
atocha,bo,-20.93,-66.22,4.06,1.21,57.0,12.0
estremoz,pt,38.84,-7.59,15.16,2.31,93.0,88.0
tupik,ru,54.43,119.94,3.74,1.56,34.0,24.0
ola,ru,59.58,151.3,2.0,2.0,51.0,56.0
asosa,et,10.07,34.53,20.16,2.11,66.0,0.0
kebumen,id,-7.67,109.65,26.56,1.96,98.0,44.0
lashio,mm,22.93,97.75,19.49,1.01,91.0,76.0
kharitonovo,ru,61.4,47.5,-2.92,8.16,74.0,80.0
kloulklubed,pw,7.04,134.26,30.0,3.1,74.0,75.0
aquiraz,br,-3.9,-38.39,27.0,2.1,83.0,0.0
bayeux,fr,49.28,-0.7,15.0,2.1,87.0,0.0
chokurdakh,ru,70.62,147.9,-6.99,2.01,100.0,32.0
krishnarajpet,in,12.65,76.49,19.81,1.21,95.0,68.0
iquitos,pe,-3.75,-73.25,27.0,2.1,78.0,20.0
karlskrona,se,56.16,15.59,6.0,2.1,81.0,0.0
savonlinna,fi,61.87,28.88,0.0,1.5,83.0,90.0
san andres,co,8.22,-76.58,27.21,2.96,94.0,68.0
vila praia de ancora,pt,41.81,-8.85,15.0,0.5,87.0,0.0
sembakung,id,3.82,117.25,24.76,1.31,96.0,36.0
souillac,mu,-20.52,57.52,26.0,4.6,83.0,20.0
kurilsk,ru,45.23,147.88,0.44,6.71,96.0,56.0
rio cuarto,ar,-33.13,-64.35,23.0,4.1,73.0,0.0
beysehir,tr,37.68,31.72,4.49,4.16,97.0,56.0
gerash,ir,27.67,54.14,19.0,0.66,39.0,0.0
beaverlodge,ca,55.21,-119.43,7.0,12.9,48.0,75.0
durusu,tr,37.53,40.83,12.0,2.1,71.0,75.0
george town,ky,19.29,-81.37,28.0,6.7,78.0,20.0
ithaca,us,42.44,-76.5,10.0,1.5,31.0,1.0
barsovo,ru,61.17,73.17,-13.0,2.0,78.0,0.0
tema,gh,5.66,-0.01,27.0,2.1,88.0,0.0
kampong thum,kh,12.71,104.89,26.01,3.36,88.0,12.0
yumen,cn,40.29,97.04,11.44,1.86,42.0,92.0
cubulco,gt,15.11,-90.63,22.0,4.1,68.0,40.0
linhares,br,-19.38,-40.06,20.56,2.41,80.0,68.0
manadhoo,mv,5.77,73.38,29.84,3.46,98.0,48.0
nonantola,it,44.68,11.04,11.0,1.0,87.0,0.0
lensk,ru,60.71,114.91,2.84,3.91,74.0,48.0
launceston,au,-41.43,147.14,16.0,2.1,72.0,90.0
purranque,cl,-40.91,-73.16,14.0,5.1,82.0,90.0
el jicaro,ni,13.72,-86.13,22.91,2.16,72.0,88.0
zhuhai,cn,40.71,112.04,13.0,5.0,76.0,40.0
rostovka,ru,55.02,73.58,4.0,6.0,100.0,75.0
meylan,fr,45.21,5.78,17.0,0.61,58.0,0.0
pauini,br,-7.71,-67.0,23.86,2.56,96.0,56.0
saryozek,kz,44.36,77.98,-0.17,2.11,70.0,0.0
henderson,us,36.04,-114.98,29.0,4.1,13.0,1.0
norman wells,ca,65.28,-126.83,-5.0,3.6,38.0,75.0
longyearbyen,sj,78.22,15.64,-5.0,6.7,73.0,75.0
tual,id,-5.67,132.75,27.11,3.76,100.0,68.0
alvaraes,br,-3.22,-64.8,25.0,1.06,94.0,20.0
roncesvalles,co,4.01,-75.61,25.0,0.71,69.0,75.0
conde,br,-11.81,-37.61,25.09,4.01,90.0,88.0
camacha,pt,33.08,-16.33,17.0,10.3,82.0,75.0
mamallapuram,in,12.63,80.17,29.0,3.6,83.0,20.0
willmar,us,45.12,-95.04,13.0,1.5,47.0,1.0
rurrenabaque,bo,-14.44,-67.53,23.06,0.96,86.0,44.0
nome,us,30.04,-94.42,22.0,6.2,78.0,90.0
aligudarz,ir,33.4,49.69,2.69,1.41,77.0,0.0
xuanzhou,cn,30.95,118.78,19.59,3.41,100.0,92.0
takoradi,gh,4.89,-1.75,26.34,1.86,96.0,80.0
yerbogachen,ru,61.28,108.01,4.66,4.36,72.0,68.0
calamar,co,1.96,-72.65,22.19,0.51,92.0,80.0
kinwat,in,19.62,78.2,22.46,1.16,47.0,0.0
tiksi,ru,71.64,128.87,-4.29,1.91,84.0,0.0
lar,ir,27.66,54.32,19.0,0.61,39.0,0.0
mimongo,ga,-1.62,11.6,22.84,1.36,83.0,12.0
zimmi,sl,7.31,-11.31,25.06,1.26,92.0,0.0
san roque,mx,27.97,-111.0,27.0,4.6,32.0,90.0
mangai,cd,-4.07,19.59,23.94,1.01,96.0,64.0
kijang,id,0.9,104.63,28.36,1.91,93.0,44.0
santa cruz de la palma,es,28.68,-17.76,18.0,2.6,63.0,20.0
chokwe,mz,-24.53,32.98,20.56,2.01,93.0,12.0
katsuura,jp,33.93,134.5,18.0,1.5,55.0,0.0
maxixe,mz,-23.86,35.35,21.19,3.06,100.0,0.0
pozo colorado,py,-23.49,-58.8,26.71,2.86,68.0,0.0
southbridge,nz,-43.81,172.25,13.0,1.5,47.0,0.0
treinta y tres,uy,-33.23,-54.39,21.06,2.31,92.0,36.0
cristalina,br,-16.77,-47.61,21.31,1.91,72.0,64.0
kara,tg,9.55,1.2,27.0,3.1,74.0,20.0
guilin,cn,25.28,110.29,22.0,1.0,94.0,90.0
severnoye,ru,54.09,52.54,-0.07,6.31,80.0,76.0
bauta,cu,22.98,-82.55,26.0,5.7,69.0,40.0
zamora,ec,-4.07,-78.95,16.26,0.66,71.0,24.0
mechanicsville,us,37.62,-77.34,16.0,1.5,35.0,75.0
columbus,us,32.46,-84.99,21.0,3.1,60.0,75.0
rafai,cf,4.95,23.92,22.96,1.91,93.0,68.0
sarahan,in,31.51,77.79,-15.54,1.06,79.0,0.0
itaituba,br,-4.26,-55.99,26.16,1.31,85.0,44.0
dikson,ru,73.51,80.55,-11.17,7.36,93.0,80.0
kaka,tm,37.35,59.62,14.99,0.26,58.0,64.0
champasak,la,14.89,105.88,26.34,1.61,86.0,12.0
borovskoy,kz,53.8,64.15,-5.14,3.31,88.0,0.0
mehamn,no,71.03,27.85,-7.99,2.11,77.0,0.0
ciudad del maiz,mx,22.4,-99.6,28.34,4.51,40.0,0.0
poya,nc,-21.35,165.16,25.91,4.46,95.0,8.0
atakpame,tg,7.53,1.13,24.16,2.31,76.0,56.0
mweka,cd,-4.85,21.56,22.41,0.61,97.0,32.0
ahuimanu,us,21.44,-157.84,28.0,6.2,73.0,90.0
marion,us,40.59,-83.13,13.0,2.1,31.0,90.0
san jose,gt,16.98,-89.9,27.51,1.61,74.0,32.0
agirish,ru,61.92,63.02,-10.39,1.11,75.0,64.0
redcar,gb,54.62,-1.06,14.0,2.1,93.0,20.0
aykhal,ru,65.95,111.51,-0.07,4.56,87.0,64.0
sumenep,id,-7.02,113.87,28.49,2.51,100.0,48.0
kodiak,us,39.95,-94.76,17.0,7.7,33.0,1.0
tlacote el bajo,mx,20.66,-100.51,28.0,5.7,24.0,40.0
oliveira do hospital,pt,40.36,-7.86,13.49,1.36,84.0,80.0
nizwa,om,22.93,57.53,15.76,1.31,75.0,0.0
timmins,ca,48.48,-81.33,8.0,3.6,31.0,5.0
bilyayivka,ua,46.48,30.22,13.0,4.0,66.0,0.0
ko samui,th,9.54,99.94,29.0,2.6,74.0,20.0
workington,gb,54.64,-3.55,11.59,3.86,95.0,92.0
maniitsoq,gl,65.42,-52.9,-5.44,3.01,72.0,0.0
zheleznodorozhnyy,ru,55.75,38.0,5.0,10.0,86.0,75.0
zatoka,ua,49.85,23.68,14.0,2.0,47.0,0.0
pangoa,pe,-12.12,-73.0,18.46,0.81,100.0,88.0
kodyma,ua,48.1,29.13,15.84,5.46,66.0,0.0
almeirim,br,-1.53,-52.58,24.99,1.16,93.0,64.0
maamba,zm,-17.36,27.22,15.71,1.06,74.0,0.0
banamba,ml,13.55,-7.45,25.06,2.21,54.0,8.0
cubuk,tr,40.24,33.03,2.0,0.5,80.0,0.0
nelson,ca,49.49,-117.29,14.0,1.0,28.0,75.0
aksha,ru,50.28,113.29,6.21,1.81,72.0,8.0
ixtapa,mx,20.71,-105.21,26.0,4.1,78.0,40.0
gerede,tr,40.8,32.2,-3.74,1.01,82.0,0.0
kokoda,pg,-8.88,147.74,22.24,0.31,81.0,36.0
thaton,mm,16.91,97.37,26.69,1.31,100.0,0.0
baoding,cn,38.86,115.49,9.84,6.91,99.0,92.0
smidovich,ru,48.6,133.81,11.01,3.76,29.0,0.0
ures,mx,30.73,-112.95,27.61,4.96,27.0,92.0
villanueva de la serena,es,38.97,-5.8,13.51,2.76,97.0,92.0
neiafu,to,-18.65,-173.98,29.0,3.1,79.0,20.0
vienne,fr,45.53,4.87,20.0,2.81,55.0,0.0
spirit river,ca,55.78,-118.84,7.0,12.9,48.0,75.0
antofagasta,cl,-23.65,-70.4,17.0,5.1,82.0,75.0
ostrovskoye,ru,57.81,42.24,5.36,3.86,100.0,92.0
sakaiminato,jp,35.55,133.23,18.0,0.5,55.0,40.0
changchun,cn,43.88,125.32,7.0,4.0,56.0,0.0
aktash,ru,50.31,87.6,-11.17,1.71,64.0,0.0
petatlan,mx,17.52,-101.27,30.0,4.1,74.0,5.0
port hardy,ca,50.7,-127.42,8.0,4.1,75.0,75.0
ribeira grande,pt,38.52,-28.7,17.36,5.16,99.0,92.0
kuruman,za,-27.46,23.43,9.11,1.41,71.0,0.0
kassiopi,gr,39.79,19.92,14.0,1.0,87.0,20.0
winneba,gh,5.35,-0.62,27.0,2.1,88.0,0.0
kamaishi,jp,39.28,141.86,17.0,2.6,55.0,0.0
teya,ru,60.37,92.63,5.34,4.36,95.0,92.0
boca do acre,br,-8.76,-67.39,24.21,1.06,93.0,88.0
parvatsar,in,26.88,74.77,18.24,4.56,36.0,0.0
mizdah,ly,31.45,12.98,14.46,3.51,57.0,24.0
cockburn town,bs,24.03,-74.52,25.59,6.76,94.0,0.0
raton,us,36.9,-104.44,10.0,5.1,46.0,75.0
zunheboto,in,26.02,94.53,16.44,0.56,74.0,8.0
kansanshi,zm,-12.1,26.43,13.11,2.06,77.0,0.0
juneau,us,58.3,-134.42,8.0,5.1,81.0,90.0
honiara,sb,-9.43,159.96,30.0,1.0,70.0,20.0
faranah,gn,10.04,-10.74,27.16,5.66,60.0,0.0
nirgua,ve,10.15,-68.57,22.26,1.21,87.0,12.0
pareora,nz,-44.49,171.21,12.91,0.86,71.0,0.0
boguchany,ru,58.38,97.46,5.81,2.96,70.0,64.0
ankang,cn,32.73,108.99,16.69,1.11,90.0,88.0
kati,ml,12.75,-8.07,33.0,3.1,29.0,0.0
naron,es,43.52,-8.15,14.0,1.0,87.0,48.0
tonantins,br,-2.86,-67.77,25.66,0.91,91.0,64.0
gornopravdinsk,ru,60.06,69.92,-6.54,1.31,78.0,64.0
taseyevo,ru,57.22,94.9,6.84,2.56,63.0,76.0
zastron,za,-30.3,27.08,4.56,1.21,80.0,0.0
kasempa,zm,-13.46,25.83,16.84,2.51,60.0,80.0
santa elena,mx,20.33,-89.64,31.0,7.2,74.0,75.0
takab,ir,36.4,47.11,7.51,3.46,56.0,56.0
avesta,se,60.15,16.18,7.0,6.7,52.0,0.0
betare oya,cm,5.6,14.08,21.09,1.16,92.0,36.0
ambovombe,mg,-25.18,46.09,19.59,2.91,100.0,0.0
novyy urgal,ru,51.07,132.56,4.69,3.76,50.0,0.0
zhaotong,cn,27.34,103.71,14.59,1.41,99.0,92.0
quatre cocos,mu,-20.21,57.76,25.0,5.1,88.0,75.0
blantyre,mw,-15.79,35.0,18.31,1.31,91.0,0.0
goure,ne,13.98,10.27,23.26,1.71,36.0,36.0
altay,cn,47.83,88.13,-9.89,0.96,55.0,0.0
ngawen,id,-7.02,111.3,24.31,1.86,99.0,32.0
santiago de cao,pe,-7.96,-79.24,21.0,4.6,83.0,75.0
fort saint james,ca,54.43,-124.25,2.36,5.06,76.0,88.0
porto novo,cv,17.02,-25.06,20.0,6.7,72.0,40.0
kesinga,in,20.19,83.22,23.34,2.91,72.0,0.0
ambilobe,mg,-13.19,49.05,22.76,2.41,92.0,92.0
hermosa beach,us,33.86,-118.4,31.0,6.2,63.0,75.0
hasaki,jp,35.73,140.83,21.0,2.1,64.0,0.0
el fuerte,mx,26.42,-108.62,30.44,2.11,19.0,92.0
qeshm,ir,26.96,56.27,23.0,2.1,83.0,0.0
havoysund,no,71.0,24.66,-2.0,3.91,79.0,24.0
mbanza-ngungu,cd,-5.25,14.87,21.56,1.66,90.0,12.0
labuhan,id,-2.54,115.51,25.61,0.36,89.0,20.0
cermik,tr,38.14,39.45,5.0,3.1,65.0,0.0
avarua,ck,-21.21,-159.78,26.01,3.56,100.0,24.0
georgetown,gy,6.8,-58.16,25.0,2.1,94.0,75.0
mwanza,mw,-15.61,34.52,18.31,1.31,91.0,0.0
novocheremshansk,ru,54.35,50.17,4.21,7.91,86.0,92.0
luzhou,cn,28.89,105.45,19.44,1.86,100.0,92.0
bobcaygeon,ca,44.54,-78.55,9.0,4.6,36.0,1.0
mollendo,pe,-17.03,-72.02,15.94,1.01,85.0,24.0
nampula,mz,-15.12,39.26,20.46,2.76,78.0,0.0
burgeo,ca,47.61,-57.61,1.36,9.81,95.0,76.0
pitsunda,ge,43.16,40.34,11.0,3.0,87.0,75.0
crateus,br,-5.18,-40.68,22.86,1.96,86.0,12.0
turbat,pk,26.0,63.05,14.86,1.31,61.0,0.0
moron,mn,47.38,110.32,4.21,3.31,58.0,92.0
manuk mangkaw,ph,4.8,119.85,28.86,0.61,100.0,80.0
witu,ke,-2.39,40.44,26.84,3.31,81.0,92.0
krasnozerskoye,ru,53.98,79.24,9.31,7.26,53.0,24.0
morro agudo,br,-20.73,-48.05,20.0,1.0,56.0,0.0
brownsville,us,25.91,-97.49,28.0,8.2,74.0,75.0
puerto lempira,hn,15.27,-83.77,28.0,3.1,74.0,40.0
dongfeng,cn,42.67,125.53,7.66,6.76,100.0,100.0
valente,br,-11.41,-39.46,20.99,3.91,91.0,76.0
nanning,cn,22.83,108.3,23.0,2.0,88.0,0.0
dudinka,ru,69.41,86.18,-16.32,5.06,84.0,44.0
djibo,bf,14.1,-1.63,24.41,1.76,43.0,12.0
zlynka,ru,52.43,31.74,10.0,5.0,46.0,0.0
mozarlandia,br,-14.74,-50.57,24.31,2.21,72.0,8.0
santa maria,cv,16.6,-22.9,20.0,4.6,72.0,75.0
erkner,de,52.43,13.75,12.0,1.5,76.0,0.0
horn,at,48.66,15.66,15.0,2.6,67.0,0.0
victor harbor,au,-35.55,138.62,24.0,1.5,50.0,0.0
lukoyanov,ru,55.03,44.48,8.69,6.46,96.0,92.0
honningsvag,no,70.98,25.97,-3.24,3.66,100.0,12.0
biankouma,ci,7.74,-7.61,21.81,1.61,95.0,0.0
itarema,br,-2.92,-39.92,25.26,2.76,94.0,36.0
bada,ru,51.39,109.87,5.44,1.06,74.0,0.0
wageningen,sr,5.77,-56.69,23.66,1.76,100.0,100.0
turayf,sa,31.68,38.65,14.0,2.1,50.0,0.0
mabaruma,gy,8.2,-59.78,26.21,3.46,84.0,44.0
sterling,us,39.0,-77.4,15.0,2.6,40.0,75.0
san patricio,mx,19.22,-104.7,28.0,5.1,74.0,40.0
pemba,mz,-12.97,40.52,28.11,8.76,100.0,0.0
chipata,zm,-13.64,32.65,18.24,3.61,83.0,0.0
ekibastuz,kz,51.72,75.32,10.09,6.46,67.0,92.0
adilcevaz,tr,38.8,42.73,3.0,2.1,93.0,75.0
yucaipa,us,34.03,-117.04,35.0,7.7,14.0,75.0
alugan,ph,12.22,125.48,27.61,2.66,98.0,80.0
uyar,ru,55.81,94.33,3.84,3.56,49.0,76.0
sao filipe,cv,14.9,-24.5,20.71,6.11,100.0,76.0
douglas,us,31.51,-82.85,19.0,4.6,88.0,90.0
sanandaj,ir,35.31,47.0,12.0,4.1,50.0,40.0
manaus,br,-3.13,-59.98,28.0,1.5,74.0,20.0
benguela,ao,-12.58,13.4,25.19,1.41,100.0,0.0
dubti,et,11.74,41.09,24.09,1.66,66.0,20.0
pangani,tz,-5.43,38.97,24.71,3.61,95.0,64.0
san rafael,bo,-12.93,-64.87,25.74,0.46,85.0,12.0
tasiilaq,gl,65.61,-37.64,-2.57,1.96,97.0,68.0
sao domingos,br,-13.4,-46.32,24.24,3.46,59.0,24.0
sydney,ca,46.14,-60.19,0.0,4.1,87.0,75.0
nikolskoye,ru,59.7,30.79,3.0,2.0,94.0,75.0
kulhudhuffushi,mv,6.62,73.07,30.09,3.46,98.0,12.0
yuancheng,cn,36.65,107.79,13.31,1.96,82.0,0.0
cangucu,br,-31.39,-52.68,20.66,2.01,94.0,0.0
laurel,us,31.69,-89.13,23.0,2.6,53.0,1.0
straseni,md,47.14,28.61,15.0,2.6,51.0,0.0
cadca,sk,49.44,18.79,14.0,1.5,87.0,0.0
newport,us,41.49,-71.31,14.0,3.1,65.0,1.0
margate,za,-30.86,30.37,20.31,4.36,93.0,0.0
durham,us,36.0,-78.9,19.0,2.1,36.0,75.0
the pas,ca,53.82,-101.24,10.0,6.7,57.0,90.0
kabo,cf,7.69,18.62,25.49,1.76,84.0,44.0
barrow,us,39.51,-90.4,17.0,4.1,39.0,1.0
kerewan,gm,13.49,-16.09,19.0,5.1,82.0,0.0
san francisco de becerra,hn,14.63,-86.1,27.0,1.0,61.0,75.0
vanderhoof,ca,54.02,-124.02,4.09,5.11,54.0,76.0
guaimaro,cu,21.05,-77.35,26.0,7.2,69.0,20.0
correntina,br,-13.34,-44.63,21.99,2.81,78.0,0.0
bousse,bf,12.66,-1.89,33.0,3.1,41.0,0.0
potchefstroom,za,-26.71,27.1,8.01,1.11,69.0,0.0
shiyan,cn,32.65,110.78,18.69,1.21,92.0,76.0
ponta delgada,pt,37.73,-25.67,16.0,1.5,82.0,75.0
karratha,au,-20.74,116.85,24.86,1.66,56.0,0.0
ardahan,tr,41.11,42.7,-3.0,5.7,86.0,40.0
silifke,tr,36.38,33.93,9.56,3.16,87.0,0.0
werda,bw,-25.27,23.28,12.84,1.31,66.0,0.0
kamogawa,jp,35.13,140.08,22.0,3.1,68.0,0.0
salalah,om,17.01,54.1,25.0,2.1,44.0,0.0
monte alegre,br,-2.0,-54.07,25.51,1.06,92.0,56.0
wanning,cn,18.8,110.4,25.94,4.51,94.0,0.0
sao sebastiao,br,-3.15,-58.36,25.71,1.06,93.0,36.0
kobayashi,jp,32.03,131.02,18.0,2.1,72.0,40.0
kenmare,ie,51.88,-9.58,9.41,5.41,100.0,92.0
panjakent,tj,39.5,67.61,16.0,5.1,31.0,0.0
kiama,au,-34.67,150.86,18.0,3.6,77.0,32.0
pierre,us,44.37,-100.35,9.0,5.7,61.0,1.0
pisco,pe,-13.71,-76.2,23.0,4.6,69.0,0.0
ternate,id,0.8,127.4,28.69,2.01,100.0,100.0
cervo,es,43.67,-7.41,14.96,3.41,89.0,64.0
guadix,es,37.3,-3.14,14.0,1.11,82.0,68.0
kosa,ru,59.94,54.99,-5.67,4.56,80.0,80.0
guider,cm,9.93,13.94,24.49,2.41,65.0,0.0
progreso,mx,20.25,-99.19,25.76,2.96,28.0,32.0
whitehorse,ca,60.72,-135.06,4.0,8.2,38.0,40.0
guatire,ve,10.47,-66.54,26.0,1.0,83.0,75.0
magdagachi,ru,53.45,125.8,6.41,1.71,35.0,0.0
czersk,pl,53.8,17.98,7.41,4.66,71.0,0.0
balkhash,kz,46.84,74.98,6.61,2.31,87.0,0.0
karlstad,se,59.38,13.5,6.0,3.1,60.0,0.0
fier,al,40.73,19.56,10.11,1.16,80.0,0.0
fort-shevchenko,kz,44.51,50.26,8.74,3.56,99.0,0.0
bereznik,ru,62.86,42.71,-6.02,4.41,70.0,0.0
stephenville,ca,48.55,-58.59,0.0,5.1,98.0,90.0
hwange,zw,-18.35,26.5,22.26,1.46,48.0,92.0
salinopolis,br,-0.61,-47.36,27.36,5.01,99.0,56.0
horstel,de,52.32,7.58,11.0,1.0,66.0,0.0
chippewa falls,us,44.94,-91.39,15.0,2.6,35.0,1.0
karasjok,no,69.47,25.52,0.0,4.6,86.0,92.0
esparta,hn,15.74,-87.18,29.0,4.6,83.0,20.0
torbay,ca,47.66,-52.73,1.0,9.8,80.0,75.0
butaritari,ki,3.07,172.79,28.76,6.16,99.0,20.0
silver city,us,32.77,-108.28,22.0,4.6,14.0,1.0
port hawkesbury,ca,45.62,-61.36,-2.0,1.0,79.0,1.0
cascais,pt,38.7,-9.42,16.0,3.1,93.0,40.0
sile,tr,41.18,29.61,9.0,2.1,81.0,0.0
shebalino,ru,51.29,85.68,-0.59,1.76,69.0,0.0
petropavlovsk-kamchatskiy,ru,53.05,158.65,1.0,1.0,69.0,40.0
devils lake,us,48.11,-98.87,14.0,8.7,47.0,1.0
ilo,pe,-17.65,-71.34,16.96,0.96,98.0,24.0
mednogorsk,ru,51.41,57.59,1.34,3.31,97.0,76.0
katima mulilo,na,-17.5,24.28,18.19,1.26,67.0,8.0
aksu,cn,41.12,80.26,2.34,1.21,84.0,12.0
budogoshch,ru,59.29,32.45,0.46,3.36,87.0,20.0
buta,cd,2.79,24.73,23.49,0.91,93.0,36.0
koidu,sl,8.64,-10.97,23.76,1.86,96.0,68.0
costinesti,ro,43.95,28.63,12.0,5.7,71.0,0.0
winslow,us,35.02,-110.7,22.0,3.1,18.0,1.0
osmaniye,tr,37.07,36.26,11.01,5.21,65.0,8.0
manama,bh,26.22,50.58,27.0,4.1,54.0,0.0
hamada,jp,34.9,132.08,17.0,3.1,72.0,0.0
baie-comeau,ca,49.22,-68.15,5.0,1.5,30.0,75.0
ojinaga,mx,29.57,-104.42,26.96,3.46,7.0,24.0
algiers,dz,36.75,3.04,13.0,1.0,93.0,40.0
natchitoches,us,31.76,-93.09,23.0,3.6,73.0,90.0
coos bay,us,43.37,-124.22,12.0,12.3,66.0,1.0
ambato,ec,-1.24,-78.63,13.0,7.7,71.0,75.0
la palma,pa,8.4,-78.14,24.71,0.96,100.0,76.0
khorixas,na,-20.37,14.96,13.59,1.21,83.0,0.0
nha trang,vn,12.24,109.19,25.81,1.06,91.0,8.0
bojnurd,ir,37.47,57.33,11.0,1.0,76.0,75.0
grand forks,us,47.91,-97.06,15.0,2.6,58.0,1.0
vasterhaninge,se,59.12,18.1,8.0,3.1,49.0,0.0
cortez,us,37.35,-108.58,17.0,7.2,27.0,1.0
bielsk podlaski,pl,52.77,23.19,6.01,4.26,64.0,0.0
grado,it,45.68,13.39,16.0,3.1,81.0,0.0
xiamen,cn,24.46,118.07,23.0,1.0,88.0,75.0
kalemie,cd,-5.95,29.2,23.26,2.06,100.0,48.0
zharkovskiy,ru,55.85,32.27,6.81,9.01,85.0,92.0
san cosme y damian,py,-27.32,-56.35,25.0,5.1,78.0,20.0
ballina,au,-28.87,153.57,19.71,2.76,100.0,76.0
sao jose da coroa grande,br,-8.9,-35.15,22.91,2.81,100.0,92.0
muskegon,us,43.23,-86.25,12.0,2.1,16.0,1.0
muros,es,42.77,-9.06,13.0,1.0,87.0,0.0
freeport,us,42.3,-89.62,12.0,1.5,43.0,75.0
pran buri,th,12.39,99.9,27.0,0.5,83.0,20.0
svetlaya,ru,46.54,138.33,2.94,0.76,93.0,0.0
malayal,ph,7.21,121.94,26.0,2.1,94.0,40.0
merauke,id,-8.49,140.4,28.21,5.01,90.0,68.0
evans,us,40.38,-104.69,7.0,2.1,70.0,90.0
zalantun,cn,48.0,122.72,10.56,1.71,49.0,0.0
port pirie,au,-33.18,138.01,24.0,2.1,60.0,0.0
kpalime,tg,6.9,0.63,23.26,2.26,87.0,20.0
urucara,br,-2.54,-57.76,24.11,1.21,96.0,8.0
